{"cameraMode":{"drawMode":0,"name":"Shaded","section":"Shading Mode"},"sceneLighting":true,"audioPlay":false,"sceneViewState":{"m_AlwaysRefresh":false,"showFog":true,"showSkybox":true,"showFlares":true,"showImageEffects":true,"showParticleSystems":true,"showVisualEffectGraphs":true,"m_FxEnabled":true},"in2DMode":false,"pivot":{"x":0.4887048900127411,"y":3.6082258224487306,"z":-0.11214542388916016},"rotation":{"x":-0.1497422307729721,"y":-0.005342057906091213,"z":0.000809074321296066,"w":-0.9887123107910156},"size":16.916353225708009,"orthographic":false}