{"cameraMode":{"drawMode":0,"name":"Shaded","section":"Shading Mode"},"sceneLighting":true,"audioPlay":false,"sceneViewState":{"m_AlwaysRefresh":false,"showFog":true,"showSkybox":true,"showFlares":true,"showImageEffects":true,"showParticleSystems":true,"showVisualEffectGraphs":true,"m_FxEnabled":true},"in2DMode":false,"pivot":{"x":-0.960253119468689,"y":0.6665619015693665,"z":-1.0093579292297364},"rotation":{"x":-0.1497422307729721,"y":-0.005342057906091213,"z":0.000809074321296066,"w":-0.9887123107910156},"size":2.2120540142059328,"orthographic":false}